"V_{out}","I_{out}"
"0.210","-93.8"
"0.0546","-24.6"
"0.022","-9.9"
"0.011","-4.9"
"0.000221","-0.000099"
